Forest_Type,Punjab,KPK,Sindh,Balochistan,Azad_Kashmir,Gilgit_Baltistan,Total,Dominant_Region,Region_Count,Max_Region_Share,HHI,Gini_approx,Type_Category,Type_Category_enc
Coniferous Forests,144,760,0,208,408,192,1712,KPK,5,0.4439252336448598,0.28827845226657345,0.7117215477334266,Natural,1
Irrigated Plantations,440,0,82,173,0,43,738,Punjab,4,0.5962059620596206,0.42615359757933624,0.5738464024206638,Plantation,2
Riverain Forests,143,0,241,104,0,0,488,Sindh,3,0.49385245901639346,0.37517636388067727,0.6248236361193227,Natural,1
Scrub Forests,680,308,0,347,9,0,1344,Punjab,4,0.5059523809523809,0.3752092633928571,0.6247907366071429,Natural,1
Coastal Forests,0,0,345,174,0,0,519,Sindh,2,0.6647398843930635,0.5542784590196799,0.44572154098032013,Natural,1
Linear Plantations,0,2,0,694,0,0,696,Balochistan,2,0.9971264367816092,0.9942693882943585,0.005730611705641486,Plantation,2
Mazri,0,24,0,347,0,0,371,Balochistan,2,0.9353099730458221,0.8789895452663088,0.12101045473369121,Natural,1
Range Land,203,74,457,226,150,685,1795,Gilgit_Baltistan,6,0.3816155988857939,0.24777430342719253,0.7522256965728075,Natural,1
Miscellaneous,2971,750,0,510,0,0,4231,Punjab,3,0.7021980619238951,0.5390339315541428,0.4609660684458572,Mixed,0
